{
  "__collections__": {
    "alertData": {
      "2aDo5gQmOGIPz2pY3BM0": {
        "alertType": "push",
        "changedFileList": null,
        "creatorId": 111165249,
        "isRead": false,
        "sendingDate": "2023-11-15T09:34:49.870548",
        "title": "❗ 커밋 메시지가 발생했습니다 ❗",
        "branch": "refs/heads/main",
        "commitMessageList": [
          "string을 포함한 승현님 커밋"
        ],
        "content": "키워드 string 발생!!",
        "url": "https://github.com/gayun0303/webhook-test/compare/c09cc303fdfd...b926c303330e",
        "keywordList": [
          "string"
        ],
        "receiverId": 111165249,
        "gitRepoName": "webhook-test",
        "gitRepoId": 707050040,
        "__collections__": {}
      },
      "2gkjoMOA5PjNPxX1yik3": {
        "alertType": "pull_request",
        "changedFileList": null,
        "creatorId": 111165249,
        "isRead": false,
        "sendingDate": "2023-11-16T15:00:12.327437",
        "title": "❗ 풀 리퀘스트가 발생했습니다 ❗",
        "branch": "gayun0303-patch-1->main",
        "commitMessageList": null,
        "content": null,
        "url": "https://github.com/gayun0303/webhook-test-2/pull/4",
        "keywordList": [],
        "receiverId": 111165249,
        "gitRepoName": "webhook-test-2",
        "gitRepoId": 718019757,
        "__collections__": {}
      },
      "5PxFRyWz0ql5pB7t3A0u": {
        "alertType": "pull_request",
        "changedFileList": null,
        "creatorId": 111165249,
        "isRead": false,
        "sendingDate": "2023-11-17T05:53:23.179756",
        "title": "❗ 풀 리퀘스트가 발생했습니다 ❗",
        "branch": "alert->main",
        "commitMessageList": null,
        "content": "키워드 document 발생!!",
        "url": "https://github.com/back5front1/dddev/pull/1",
        "keywordList": [
          "document"
        ],
        "receiverId": 150590425,
        "gitRepoName": "dddev",
        "gitRepoId": 717713509,
        "__collections__": {}
      },
      "6uSnBxrmQVDLd1WweIoQ": {
        "alertType": "push",
        "changedFileList": [
          "toy1/src/main/java/com/example/toy1/apply/apply_test.txt"
        ],
        "creatorId": 111165249,
        "isRead": false,
        "sendingDate": "2023-11-16T15:10:54.554067",
        "title": "❗ 푸시가 발생했습니다 ❗",
        "branch": "refs/heads/main",
        "commitMessageList": [
          "Update apply_test.txt"
        ],
        "content": null,
        "url": "https://github.com/gayun0303/webhook-test-2/compare/58eaa352e200...c23acc76fd45",
        "keywordList": [],
        "receiverId": 111165249,
        "gitRepoName": "webhook-test-2",
        "gitRepoId": 718019757,
        "__collections__": {}
      },
      "A3RmMMqJv3UyIsBlpUmS": {
        "alertType": "push",
        "changedFileList": [
          "dddev/src/main/resources/application.properties"
        ],
        "creatorId": 111165249,
        "isRead": false,
        "sendingDate": "2023-11-17T05:44:20.204337",
        "title": "❗ 푸시가 발생했습니다 ❗",
        "branch": "refs/heads/main",
        "commitMessageList": [
          "setting: 백엔드 포트 8000 설정"
        ],
        "content": null,
        "url": "https://github.com/back5front1/dddev/compare/1b83fd413671...37ef95b6a44b",
        "keywordList": [],
        "receiverId": 150590425,
        "gitRepoName": "dddev",
        "gitRepoId": 717713509,
        "__collections__": {}
      },
      "BooJh4jjQ3Tj5h2A2qCA": {
        "alertType": "pull_request",
        "changedFileList": null,
        "creatorId": 111165249,
        "isRead": false,
        "sendingDate": "2023-11-16T15:00:12.077909",
        "title": "❗ 풀 리퀘스트가 발생했습니다 ❗",
        "branch": "gayun0303-patch-1->main",
        "commitMessageList": null,
        "content": "키워드  발생!!",
        "url": "https://github.com/gayun0303/webhook-test-2/pull/4",
        "keywordList": [],
        "receiverId": 83230053,
        "gitRepoName": "webhook-test-2",
        "gitRepoId": 718019757,
        "__collections__": {}
      },
      "BvU1JfqXm81ZiDe4cMZP": {
        "alertType": "pull_request",
        "changedFileList": null,
        "creatorId": 111165249,
        "isRead": false,
        "sendingDate": "2023-11-16T14:59:40.108601",
        "title": "❗ 풀 리퀘스트가 발생했습니다 ❗",
        "branch": "gayun0303-patch-1->main",
        "commitMessageList": null,
        "content": null,
        "url": "https://github.com/gayun0303/webhook-test-2/pull/4",
        "keywordList": [],
        "receiverId": 111165249,
        "gitRepoName": "webhook-test-2",
        "gitRepoId": 718019757,
        "__collections__": {}
      },
      "Dgx00pyapeTTO83Afzx0": {
        "alertType": "pull_request",
        "changedFileList": null,
        "creatorId": 111165249,
        "isRead": false,
        "sendingDate": "2023-11-15T14:30:15.896119",
        "title": "❗ 풀 리퀘스트가 발생했습니다 ❗",
        "branch": "gayun0303-patch-3->main",
        "commitMessageList": null,
        "content": null,
        "url": "https://api.github.com/repos/gayun0303/webhook-test/pulls/2",
        "keywordList": [],
        "receiverId": 111165249,
        "gitRepoName": "webhook-test",
        "gitRepoId": 707050040,
        "__collections__": {}
      },
      "EeE2jOsTmKVGXwlDOtLr": {
        "alertType": "pull_request",
        "changedFileList": null,
        "creatorId": 111165249,
        "isRead": false,
        "sendingDate": "2023-11-16T14:59:39.736287",
        "title": "❗ 풀 리퀘스트가 발생했습니다 ❗",
        "branch": "gayun0303-patch-1->main",
        "commitMessageList": null,
        "content": "키워드  발생!!",
        "url": "https://github.com/gayun0303/webhook-test-2/pull/4",
        "keywordList": [],
        "receiverId": 83230053,
        "gitRepoName": "webhook-test-2",
        "gitRepoId": 718019757,
        "__collections__": {}
      },
      "EnnKLlOdga0Ajzt3kD9y": {
        "alertType": "push",
        "changedFileList": [
          "dddev/dddev/build.gradle",
          "dddev/build.gradle",
          "dddev/dddev/.gitignore",
          "dddev/dddev/gradle/wrapper/gradle-wrapper.jar",
          "dddev/dddev/gradle/wrapper/gradle-wrapper.properties",
          "dddev/dddev/gradlew",
          "dddev/dddev/gradlew.bat",
          "dddev/dddev/settings.gradle",
          "dddev/dddev/src/main/java/com/d103/dddev/DddevApplication.java",
          "dddev/dddev/src/main/resources/application.properties",
          "dddev/dddev/src/test/java/com/d103/dddev/DddevApplicationTests.java"
        ],
        "creatorId": 111165249,
        "isRead": false,
        "sendingDate": "2023-11-17T05:34:23.112777",
        "title": "❗ 푸시가 발생했습니다 ❗",
        "branch": "refs/heads/main",
        "commitMessageList": [
          "fix: build.gradle 파일 경로 수정",
          "delete: 중복 프로젝트 파일 삭제"
        ],
        "content": null,
        "url": "https://github.com/back5front1/dddev/compare/a5488e8e2da8...1b83fd413671",
        "keywordList": [],
        "receiverId": 150590425,
        "gitRepoName": "dddev",
        "gitRepoId": 717713509,
        "__collections__": {}
      },
      "FF4a8YYiVjNCgRL1PMyu": {
        "alertType": "push",
        "changedFileList": [
          "toy1/src/main/java/com/example/toy1/company/CompanyService.java"
        ],
        "creatorId": 111165249,
        "isRead": false,
        "sendingDate": "2023-11-15T22:08:14.492862",
        "title": "❗ 커밋 메시지가 발생했습니다 ❗\n❗ 파일이 변경되었습니다 ❗",
        "branch": "refs/heads/company",
        "commitMessageList": [
          "add: company service interface"
        ],
        "content": "키워드 company 발생!!",
        "url": "https://github.com/gayun0303/webhook-test-2/compare/58953497e25c...d74f5de04b18",
        "keywordList": [
          "company"
        ],
        "receiverId": 111165249,
        "gitRepoName": "webhook-test-2",
        "gitRepoId": 718019757,
        "__collections__": {}
      },
      "Fo4vACZKVh85E2hi0pAQ": {
        "alertType": "pull_request",
        "changedFileList": null,
        "creatorId": 111165249,
        "isRead": false,
        "sendingDate": "2023-11-16T15:17:03.838778",
        "title": "❗ 풀 리퀘스트가 발생했습니다 ❗",
        "branch": "gayun0303-patch-2->main",
        "commitMessageList": null,
        "content": "키워드  발생!!",
        "url": "https://github.com/gayun0303/webhook-test-2/pull/5",
        "keywordList": [],
        "receiverId": 83230053,
        "gitRepoName": "webhook-test-2",
        "gitRepoId": 718019757,
        "__collections__": {}
      },
      "Ijwr5QgBDtolXYSZLeZ8": {
        "alertType": "push",
        "changedFileList": [
          "dddev/src/main/java/com/example/dddev/document/DocumentController.java"
        ],
        "creatorId": 111165249,
        "isRead": false,
        "sendingDate": "2023-11-17T06:06:27.212172",
        "title": "❗ 파일이 변경되었습니다 ❗",
        "branch": "refs/heads/main",
        "commitMessageList": null,
        "content": "키워드 document 발생!!",
        "url": "https://github.com/back5front1/dddev/compare/ae460d2d4dde...27c9fbcf336b",
        "keywordList": [
          "document"
        ],
        "receiverId": 150590425,
        "gitRepoName": "dddev",
        "gitRepoId": 717713509,
        "__collections__": {}
      },
      "JGQvZqJOSRwBhyRp0niZ": {
        "alertType": "push",
        "changedFileList": [
          "README.md"
        ],
        "creatorId": 111165249,
        "isRead": false,
        "sendingDate": "2023-11-13T15:56:49.965449",
        "title": "❗ 커밋 메시지가 발생했습니다 ❗\n❗ 파일이 변경되었습니다 ❗",
        "branch": "refs/heads/main",
        "commitMessageList": [
          "Update README.md"
        ],
        "content": null,
        "url": "https://github.com/gayun0303/webhook-test/compare/85db9f797dfa...f9778e18882f",
        "keywordList": [],
        "receiverId": 111165249,
        "gitRepoName": "webhook-test",
        "gitRepoId": 707050040,
        "__collections__": {}
      },
      "K4TzwU6W6I4avowYOnr5": {
        "alertType": "push",
        "changedFileList": [
          "README.md"
        ],
        "creatorId": 111165249,
        "isRead": false,
        "sendingDate": "2023-11-13T16:35:04.256402",
        "title": "❗ 커밋 메시지가 발생했습니다 ❗\n❗ 파일이 변경되었습니다 ❗",
        "branch": "refs/heads/main",
        "commitMessageList": [
          "제발 성공"
        ],
        "content": null,
        "url": "https://github.com/gayun0303/webhook-test/compare/f9778e18882f...ad48e2701d0e",
        "keywordList": [],
        "receiverId": 111165249,
        "gitRepoName": "webhook-test",
        "gitRepoId": 707050040,
        "__collections__": {}
      },
      "KNG4KvsP2Gb9kpGlPS0I": {
        "alertType": "push",
        "changedFileList": [
          "dddev/src/main/java/com/example/dddev/document/DocumentController.java"
        ],
        "creatorId": 111165249,
        "isRead": false,
        "sendingDate": "2023-11-17T06:06:01.815850",
        "title": "❗ 푸시가 발생했습니다 ❗",
        "branch": "refs/heads/document",
        "commitMessageList": [
          "Merge pull request #1 from back5front1/alert\n\nrequest document 생성 시 알림 전송 1. 웹훅 수신"
        ],
        "content": "키워드 document 발생!!",
        "url": "https://github.com/back5front1/dddev/compare/1b83fd413671...27c9fbcf336b",
        "keywordList": [
          "document"
        ],
        "receiverId": 150590425,
        "gitRepoName": "dddev",
        "gitRepoId": 717713509,
        "__collections__": {}
      },
      "P1Pbjqos8drEcgWE8ay9": {
        "alertType": "push",
        "changedFileList": [
          "toy1/src/main/java/com/example/toy1/apply/ApplyServiceImpl.java"
        ],
        "creatorId": 111165249,
        "isRead": false,
        "sendingDate": "2023-11-16T14:40:41.891359",
        "title": "❗ 키워드 알림이 발생했습니다 ❗",
        "branch": "refs/heads/gayun0303-patch-1",
        "commitMessageList": [
          "Update ApplyServiceImpl.java"
        ],
        "content": null,
        "url": "https://github.com/gayun0303/webhook-test-2/commit/127b3dc93675",
        "keywordList": [],
        "receiverId": 111165249,
        "gitRepoName": "webhook-test-2",
        "gitRepoId": 718019757,
        "__collections__": {}
      },
      "QZGmMOXo1WEwbO1rOaeX": {
        "alertType": "push",
        "changedFileList": [
          "develop.md"
        ],
        "creatorId": 111165249,
        "isRead": false,
        "sendingDate": "2023-11-17T03:46:57.572103",
        "title": "❗ 푸시가 발생했습니다 ❗",
        "branch": "refs/heads/develop",
        "commitMessageList": [
          "Merge pull request #3 from gayun0303/develop\n\nCreate develop.md",
          "Merge branch 'main' into develop"
        ],
        "content": "키워드 develop 발생!!",
        "url": "https://github.com/gayun0303/webhook-test/compare/7f04ebc32c76...d86d14b353ea",
        "keywordList": [
          "develop"
        ],
        "receiverId": 111165249,
        "gitRepoName": "webhook-test",
        "gitRepoId": 707050040,
        "__collections__": {}
      },
      "T1NLUBT1GXdfy7uDzPOE": {
        "alertType": "push",
        "changedFileList": [
          "dddev/dddev/build.gradle",
          "dddev/build.gradle",
          "dddev/dddev/.gitignore",
          "dddev/dddev/gradle/wrapper/gradle-wrapper.jar",
          "dddev/dddev/gradle/wrapper/gradle-wrapper.properties",
          "dddev/dddev/gradlew",
          "dddev/dddev/gradlew.bat",
          "dddev/dddev/settings.gradle",
          "dddev/dddev/src/main/java/com/d103/dddev/DddevApplication.java",
          "dddev/dddev/src/main/resources/application.properties",
          "dddev/dddev/src/test/java/com/d103/dddev/DddevApplicationTests.java",
          "dddev/src/main/java/com/example/dddev/alert/AlertController.java"
        ],
        "creatorId": 111165249,
        "isRead": false,
        "sendingDate": "2023-11-17T05:38:36.367528",
        "title": "❗ 푸시가 발생했습니다 ❗",
        "branch": "refs/heads/alert",
        "commitMessageList": [
          "fix: build.gradle 파일 경로 수정",
          "delete: 중복 프로젝트 파일 삭제",
          "feat: 커밋 웹훅 수신 컨트롤러 구현"
        ],
        "content": null,
        "url": "https://github.com/back5front1/dddev/compare/a5488e8e2da8...7c6c3bb7a11c",
        "keywordList": [],
        "receiverId": 150590425,
        "gitRepoName": "dddev",
        "gitRepoId": 717713509,
        "__collections__": {}
      },
      "TY2QdkTTONTjD4bvbsTa": {
        "alertType": "push",
        "changedFileList": [
          "README.md"
        ],
        "creatorId": 111165249,
        "isRead": false,
        "sendingDate": "2023-11-13T17:00:49.921491",
        "title": "❗ 커밋 메시지가 발생했습니다 ❗\n❗ 파일이 변경되었습니다 ❗",
        "branch": "refs/heads/main",
        "commitMessageList": [
          "커밋커밋"
        ],
        "content": null,
        "url": "https://github.com/gayun0303/Algorithm/compare/77e2854f4530...61de8429b19c",
        "keywordList": [],
        "receiverId": 111165249,
        "gitRepoName": "Algorithm",
        "gitRepoId": 598352021,
        "__collections__": {}
      },
      "WL5l7oMgkBNM1yTf1V1H": {
        "alertType": "push",
        "changedFileList": [
          "toy1/src/main/java/com/example/toy1/company/CompanyServiceImpl.java"
        ],
        "creatorId": 111165249,
        "isRead": false,
        "sendingDate": "2023-11-15T22:29:53.226381",
        "title": "❗ 파일이 변경되었습니다 ❗",
        "branch": "refs/heads/company",
        "commitMessageList": null,
        "content": "키워드 company 발생!!",
        "url": "https://github.com/gayun0303/webhook-test-2/compare/d74f5de04b18...0a367dee1085",
        "keywordList": [
          "company"
        ],
        "receiverId": 111165249,
        "gitRepoName": "webhook-test-2",
        "gitRepoId": 718019757,
        "__collections__": {}
      },
      "cLP53ewWN1KFj2lRV4hS": {
        "alertType": "push",
        "changedFileList": null,
        "creatorId": 111165249,
        "isRead": false,
        "sendingDate": "2023-11-17T03:35:23.359325800",
        "title": "❗ 푸시가 발생했습니다 ❗",
        "commitMessageList": [],
        "branch": "refs/heads/develop",
        "content": "브랜치에 키워드 develop 발생!!",
        "url": "https://github.com/gayun0303/webhook-test/compare/cd1cf7426e4c...7f04ebc32c76",
        "keywordList": [
          "develop"
        ],
        "receiverId": 111165249,
        "gitRepoName": "webhook-test",
        "gitRepoId": 707050040,
        "__collections__": {}
      },
      "cjZ7uOZVu0ay5F7qRNl5": {
        "alertType": "push",
        "changedFileList": [
          "toy1/src/main/java/com/example/toy1/apply/apply_test.txt",
          "toy1/src/main/java/com/example/toy1/apply/apply_test.txt"
        ],
        "creatorId": 111165249,
        "isRead": false,
        "sendingDate": "2023-11-16T15:20:31.789668",
        "title": "❗ 푸시가 발생했습니다 ❗",
        "branch": "refs/heads/main",
        "commitMessageList": [
          "Update apply_test.txt",
          "하이 난 풀 리퀘스트야\n\nUpdate apply_test.txt"
        ],
        "content": null,
        "url": "https://github.com/gayun0303/webhook-test-2/compare/c23acc76fd45...cb55125d292e",
        "keywordList": [],
        "receiverId": 111165249,
        "gitRepoName": "webhook-test-2",
        "gitRepoId": 718019757,
        "__collections__": {}
      },
      "dA2zrqK79EQTqQdNFhUn": {
        "alertType": "push",
        "changedFileList": [
          "toy1/src/main/java/com/example/toy1/apply/apply_test.txt"
        ],
        "creatorId": 111165249,
        "isRead": false,
        "sendingDate": "2023-11-16T15:11:36.785284",
        "title": "❗ 푸시가 발생했습니다 ❗",
        "branch": "refs/heads/gayun0303-patch-2",
        "commitMessageList": [
          "Update apply_test.txt"
        ],
        "content": null,
        "url": "https://github.com/gayun0303/webhook-test-2/commit/d646c8186ba0",
        "keywordList": [],
        "receiverId": 111165249,
        "gitRepoName": "webhook-test-2",
        "gitRepoId": 718019757,
        "__collections__": {}
      },
      "h2udY9NQZ5sAcU0BKXEc": {
        "alertType": "pull_request",
        "changedFileList": null,
        "creatorId": 111165249,
        "isRead": false,
        "sendingDate": "2023-11-16T15:17:04.111081",
        "title": "❗ 풀 리퀘스트가 발생했습니다 ❗",
        "branch": "gayun0303-patch-2->main",
        "commitMessageList": null,
        "content": null,
        "url": "https://github.com/gayun0303/webhook-test-2/pull/5",
        "keywordList": [],
        "receiverId": 111165249,
        "gitRepoName": "webhook-test-2",
        "gitRepoId": 718019757,
        "__collections__": {}
      },
      "ihZO9bPaXmOtdJJVo7z7": {
        "__collections__": {}
      },
      "nUX3OU7NTtxOpmE7lZNh": {
        "alertType": "push",
        "changedFileList": null,
        "creatorId": 111165249,
        "isRead": false,
        "sendingDate": "2023-11-16T15:20:31.513286",
        "title": "❗ 커밋 메시지가 발생했습니다 ❗",
        "branch": "refs/heads/main",
        "commitMessageList": [
          "하이 난 풀 리퀘스트야\n\nUpdate apply_test.txt"
        ],
        "content": "키워드 하이 발생!!",
        "url": "https://github.com/gayun0303/webhook-test-2/compare/c23acc76fd45...cb55125d292e",
        "keywordList": [
          "하이"
        ],
        "receiverId": 83230053,
        "gitRepoName": "webhook-test-2",
        "gitRepoId": 718019757,
        "__collections__": {}
      },
      "pEl4mdmpNgmRI4Rg41nd": {
        "alertType": "pull_request",
        "changedFileList": null,
        "creatorId": 111165249,
        "isRead": false,
        "sendingDate": "2023-11-16T15:20:31.246900",
        "title": "❗ 풀 리퀘스트가 발생했습니다 ❗",
        "branch": "gayun0303-patch-2->main",
        "commitMessageList": null,
        "content": "키워드  발생!!",
        "url": "https://github.com/gayun0303/webhook-test-2/pull/5",
        "keywordList": [],
        "receiverId": 83230053,
        "gitRepoName": "webhook-test-2",
        "gitRepoId": 718019757,
        "__collections__": {}
      },
      "pKz2lMlQh1voGvR173fo": {
        "alertType": "pull_request",
        "changedFileList": null,
        "creatorId": 111165249,
        "isRead": false,
        "sendingDate": "2023-11-16T15:20:31.492115",
        "title": "❗ 풀 리퀘스트가 발생했습니다 ❗",
        "branch": "gayun0303-patch-2->main",
        "commitMessageList": null,
        "content": null,
        "url": "https://github.com/gayun0303/webhook-test-2/pull/5",
        "keywordList": [],
        "receiverId": 111165249,
        "gitRepoName": "webhook-test-2",
        "gitRepoId": 718019757,
        "__collections__": {}
      },
      "qABRMXsSOIjBHBxvDsmZ": {
        "alertType": "push",
        "changedFileList": null,
        "creatorId": 111165249,
        "isRead": false,
        "sendingDate": "2023-11-16T10:26:44.728119",
        "title": "❗ 커밋 메시지가 발생했습니다 ❗",
        "branch": "refs/heads/main",
        "commitMessageList": [
          "평화로운 커밋"
        ],
        "content": "키워드 평화 발생!!",
        "url": "https://github.com/gayun0303/webhook-test-2/compare/13744fbacb03...28e69e1c4b01",
        "keywordList": [
          "평화"
        ],
        "receiverId": 83230053,
        "gitRepoName": "webhook-test-2",
        "gitRepoId": 718019757,
        "__collections__": {}
      },
      "qj5fmBAwcv5QNmttxGRd": {
        "alertType": "push",
        "changedFileList": null,
        "creatorId": 111165249,
        "isRead": false,
        "sendingDate": "2023-11-17T05:56:33.831271",
        "title": "❗ 커밋 메시지가 발생했습니다 ❗",
        "branch": "refs/heads/main",
        "commitMessageList": [
          "Merge pull request #1 from back5front1/alert\n\nrequest document 생성 시 알림 전송 1. 웹훅 수신"
        ],
        "content": "키워드 document 발생!!",
        "url": "https://github.com/back5front1/dddev/compare/37ef95b6a44b...ba1a9f5920be",
        "keywordList": [
          "document"
        ],
        "receiverId": 150590425,
        "gitRepoName": "dddev",
        "gitRepoId": 717713509,
        "__collections__": {}
      },
      "r9vwruCcwDJubRlpMSQc": {
        "alertType": "push",
        "changedFileList": null,
        "creatorId": 111165249,
        "isRead": false,
        "sendingDate": "2023-11-17T06:53:46.502706",
        "title": "❗ 푸시가 발생했습니다 ❗",
        "commitMessageList": [],
        "branch": "refs/heads/document",
        "content": "브랜치에 키워드 document 발생!!",
        "url": "https://github.com/back5front1/dddev/compare/27c9fbcf336b...5045b1fbc64a",
        "keywordList": [
          "document"
        ],
        "receiverId": 150590425,
        "gitRepoName": "dddev",
        "gitRepoId": 717713509,
        "__collections__": {}
      },
      "s5KsU9Imu5omzOmwCoUZ": {
        "alertType": "push",
        "changedFileList": [
          "toy1/src/main/java/com/example/toy1/company/CompanyService.java",
          "toy1/src/main/java/com/example/toy1/company/CompanyServiceImpl.java",
          "toy1/src/main/java/com/example/toy1/company/AddCompanyDto.java",
          "toy1/src/main/java/com/example/toy1/company/AddCompanyDto.java",
          "toy1/src/main/java/com/example/toy1/company/CompanyService.java",
          "toy1/src/main/java/com/example/toy1/company/CompanyServiceImpl.java"
        ],
        "creatorId": 111165249,
        "isRead": false,
        "sendingDate": "2023-11-15T22:37:01.502136",
        "title": "❗ 커밋 메시지가 발생했습니다 ❗\n❗ 파일이 변경되었습니다 ❗",
        "branch": "refs/heads/main",
        "commitMessageList": [
          "add: company service interface",
          "Merge pull request #3 from gayun0303/company\n\ncompany 등록 기능 구현"
        ],
        "content": "키워드 company 발생!!",
        "url": "https://github.com/gayun0303/webhook-test-2/compare/08816fc96c6f...75430f0725a5",
        "keywordList": [
          "company"
        ],
        "receiverId": 111165249,
        "gitRepoName": "webhook-test-2",
        "gitRepoId": 718019757,
        "__collections__": {}
      },
      "tCgCFy63KtxGHqgHM1b4": {
        "alertType": "push",
        "changedFileList": [
          "toy1/src/main/java/com/example/toy1/apply/ApplyServiceImpl.java",
          "toy1/src/main/java/com/example/toy1/apply/ApplyServiceImpl.java"
        ],
        "creatorId": 111165249,
        "isRead": false,
        "sendingDate": "2023-11-16T15:00:12.556410",
        "title": "❗ 푸시가 발생했습니다 ❗",
        "branch": "refs/heads/main",
        "commitMessageList": [
          "Update ApplyServiceImpl.java",
          "Merge pull request #4 from gayun0303/gayun0303-patch-1\n\nUpdate ApplyServiceImpl.java"
        ],
        "content": null,
        "url": "https://github.com/gayun0303/webhook-test-2/compare/28e69e1c4b01...58eaa352e200",
        "keywordList": [],
        "receiverId": 111165249,
        "gitRepoName": "webhook-test-2",
        "gitRepoId": 718019757,
        "__collections__": {}
      },
      "tr5sEdA0hrUD3Bxi9ZC2": {
        "alertType": "push",
        "changedFileList": [
          "toy1/src/main/java/com/example/toy1/company/AddCompanyDto.java"
        ],
        "creatorId": 111165249,
        "isRead": false,
        "sendingDate": "2023-11-15T22:31:04.523065",
        "title": "❗ 파일이 변경되었습니다 ❗",
        "branch": "refs/heads/company",
        "commitMessageList": null,
        "content": "키워드 company 발생!!",
        "url": "https://github.com/gayun0303/webhook-test-2/compare/0a367dee1085...53ca7dd54365",
        "keywordList": [
          "company"
        ],
        "receiverId": 111165249,
        "gitRepoName": "webhook-test-2",
        "gitRepoId": 718019757,
        "__collections__": {}
      },
      "uxuyD3hUcqzJeToFG7Zn": {
        "alertType": "push",
        "changedFileList": [
          "README.md"
        ],
        "creatorId": 111165249,
        "isRead": false,
        "sendingDate": "2023-11-13T14:29:06.746926",
        "title": "❗ 커밋 메시지가 발생했습니다 ❗\n❗ 파일이 변경되었습니다 ❗",
        "branch": "refs/heads/main",
        "commitMessageList": [
          "웹훅 링크 변경 후 푸시"
        ],
        "content": null,
        "url": "https://github.com/gayun0303/webhook-test/compare/15b3f2dbd822...85db9f797dfa",
        "keywordList": [],
        "receiverId": 111165249,
        "gitRepoName": "webhook-test",
        "gitRepoId": 707050040,
        "__collections__": {}
      },
      "vovN1xxKBvHLQcvayeXv": {
        "alertType": "push",
        "changedFileList": [
          "README.md"
        ],
        "creatorId": 111165249,
        "isRead": false,
        "sendingDate": "2023-11-13T16:36:42.382670",
        "title": "❗ 커밋 메시지가 발생했습니다 ❗\n❗ 파일이 변경되었습니다 ❗",
        "branch": "refs/heads/main",
        "commitMessageList": [
          "제발 업뎃..."
        ],
        "content": null,
        "url": "https://github.com/gayun0303/webhook-test/compare/ad48e2701d0e...c09cc303fdfd",
        "keywordList": [],
        "receiverId": 111165249,
        "gitRepoName": "webhook-test",
        "gitRepoId": 707050040,
        "__collections__": {}
      }
    },
    "alertUserData": {
      "003PExCc66B2g6XymDdv": {
        "githubId": 150590425,
        "isRead": false,
        "id": "7c6c3bb7a11ceb6ddceb04569f93adbed3f277df",
        "keyword": [
          "document"
        ],
        "timestamp": {
          "__datatype__": "timestamp",
          "value": {
            "_seconds": 1700167034,
            "_nanoseconds": 0
          }
        },
        "__collections__": {}
      },
      "12srIUoH8O37P8hM6WeS": {
        "githubId": 111165249,
        "isRead": false,
        "id": "127b3dc93675d679c09f7e03c9ff53ba3d77950a",
        "keyword": [],
        "timestamp": {
          "__datatype__": "timestamp",
          "value": {
            "_seconds": 1700113240,
            "_nanoseconds": 0
          }
        },
        "__collections__": {}
      },
      "2IjahNELbkATjCh26kn6": {
        "githubId": 111165249,
        "isRead": false,
        "id": "1603758987",
        "keyword": [],
        "timestamp": {
          "__datatype__": "timestamp",
          "value": {
            "_seconds": 1700115420,
            "_nanoseconds": 0
          }
        },
        "__collections__": {}
      },
      "3PImzNYTdBScffadiwxw": {
        "githubId": 83230053,
        "id": "1603758987",
        "keyword": [],
        "timestamp": {
          "__datatype__": "timestamp",
          "value": {
            "_seconds": 1700115420,
            "_nanoseconds": 0
          }
        },
        "isRead": true,
        "__collections__": {}
      },
      "4OkIhZsLo0H6a9m3WaXm": {
        "githubId": 111165249,
        "isRead": false,
        "id": "1601918938",
        "keyword": [],
        "__collections__": {}
      },
      "5Uv9fmdhm6V7qLoEixrh": {
        "githubId": 150590425,
        "isRead": false,
        "id": "1605223363",
        "keyword": [
          "document"
        ],
        "timestamp": {
          "__datatype__": "timestamp",
          "value": {
            "_seconds": 1700168000,
            "_nanoseconds": 0
          }
        },
        "__collections__": {}
      },
      "D3CqZtByzgA61DTNvrlL": {
        "githubId": 111165249,
        "id": "0a367dee1085c1155deeb495d7651f7e608a2e02",
        "keyword": [
          "company"
        ],
        "timestamp": {
          "__datatype__": "timestamp",
          "value": {
            "_seconds": 1700054975,
            "_nanoseconds": 0
          }
        },
        "isRead": true,
        "__collections__": {}
      },
      "Dhg1TZxEROxmgJnQJyRR": {
        "githubId": 111165249,
        "id": "59077206077d58f9c2a971ab86c05f9685e42ba5",
        "keyword": [],
        "timestamp": {
          "__datatype__": "timestamp",
          "value": {
            "_seconds": 1700096153,
            "_nanoseconds": 0
          }
        },
        "isRead": true,
        "__collections__": {}
      },
      "DymPKUdoGQF1tR5Yn8s9": {
        "githubId": 111165249,
        "id": "08816fc96c6f0a6516334444887e6e596c0192bf",
        "keyword": [],
        "timestamp": {
          "__datatype__": "timestamp",
          "value": {
            "_seconds": 1700055394,
            "_nanoseconds": 0
          }
        },
        "isRead": true,
        "__collections__": {}
      },
      "EQCAEfAtndJPALgIIyO5": {
        "githubId": 150590425,
        "isRead": false,
        "id": "27c9fbcf336b2a104b6387a8e6a98e3cb0b2d629",
        "keyword": [
          "document"
        ],
        "timestamp": {
          "__datatype__": "timestamp",
          "value": {
            "_seconds": 1700168754,
            "_nanoseconds": 0
          }
        },
        "__collections__": {}
      },
      "GfjVc7f2mIG937RapfHr": {
        "githubId": 111165249,
        "isRead": false,
        "id": "7f04ebc32c765cd7599ae9ec782d9005bc223753",
        "keyword": [
          "develop"
        ],
        "timestamp": {
          "__datatype__": "timestamp",
          "value": {
            "_seconds": 1700159139,
            "_nanoseconds": 0
          }
        },
        "__collections__": {}
      },
      "Gs82Z2cZlIizAICzhAyM": {
        "githubId": 150590425,
        "isRead": false,
        "id": "1b83fd413671f759745133dac83aa360cc4aab9b",
        "keyword": [],
        "timestamp": {
          "__datatype__": "timestamp",
          "value": {
            "_seconds": 1700166853,
            "_nanoseconds": 0
          }
        },
        "__collections__": {}
      },
      "JeP0m13IZg1WG0cb4OGn": {
        "githubId": 150590425,
        "isRead": false,
        "id": "ba1a9f5920bea27177cee1298abf4fc967518fd7",
        "keyword": [
          "document"
        ],
        "timestamp": {
          "__datatype__": "timestamp",
          "value": {
            "_seconds": 1700168191,
            "_nanoseconds": 0
          }
        },
        "__collections__": {}
      },
      "MdYPjI4SKBmm0A8hHklM": {
        "githubId": 150590425,
        "isRead": false,
        "id": "ae460d2d4dde8a6cc3e541bfe3e06b6f78687b08",
        "keyword": [
          "document"
        ],
        "timestamp": {
          "__datatype__": "timestamp",
          "value": {
            "_seconds": 1700168289,
            "_nanoseconds": 0
          }
        },
        "__collections__": {}
      },
      "OnBcdgQLpLgR6iBpIvLR": {
        "githubId": 83230053,
        "id": "1603742213",
        "keyword": [],
        "timestamp": {
          "__datatype__": "timestamp",
          "value": {
            "_seconds": 1700114376,
            "_nanoseconds": 0
          }
        },
        "isRead": true,
        "__collections__": {}
      },
      "V2R5YYHkeMsIfhT4wPYd": {
        "githubId": 111165249,
        "isRead": false,
        "id": "1603742213",
        "keyword": [],
        "timestamp": {
          "__datatype__": "timestamp",
          "value": {
            "_seconds": 1700114376,
            "_nanoseconds": 0
          }
        },
        "__collections__": {}
      },
      "VhlxaqiE3GYNwOPs7RfL": {
        "githubId": 111165249,
        "isRead": false,
        "id": "10c1151745b3056f4140bc18b77f5636c4bd7bca",
        "keyword": [
          "develop"
        ],
        "timestamp": {
          "__datatype__": "timestamp",
          "value": {
            "_seconds": 1700032434,
            "_nanoseconds": 0
          }
        },
        "__collections__": {}
      },
      "bki2ldTPD9Avgpt6ZNB8": {
        "githubId": 111165249,
        "isRead": false,
        "id": "967f15a3357a0e7102bfd58d0a580bc28d8b34ff",
        "keyword": [
          "develop"
        ],
        "timestamp": {
          "__datatype__": "timestamp",
          "value": {
            "_seconds": 1700030531,
            "_nanoseconds": 0
          }
        },
        "__collections__": {}
      },
      "dEZs09cM1lKccgKjO1CC": {
        "githubId": 150590425,
        "isRead": false,
        "id": "4235f6160cc5caddcefe33cc2a547b3ed9148b72",
        "keyword": [
          "document"
        ],
        "timestamp": {
          "__datatype__": "timestamp",
          "value": {
            "_seconds": 1700167346,
            "_nanoseconds": 0
          }
        },
        "__collections__": {}
      },
      "eyQcdrKhhdCxt5qNZcXE": {
        "githubId": 150590425,
        "isRead": false,
        "id": "37ef95b6a44b72f17c3f2afd95119e6201efa2c6",
        "keyword": [
          "document"
        ],
        "timestamp": {
          "__datatype__": "timestamp",
          "value": {
            "_seconds": 1700167449,
            "_nanoseconds": 0
          }
        },
        "__collections__": {}
      },
      "gkdDkqCQkFzpyOucGXia": {
        "githubId": 83230053,
        "id": "28e69e1c4b01d6372c9bf5c21cbb704dca012e76",
        "keyword": [
          "평화"
        ],
        "timestamp": {
          "__datatype__": "timestamp",
          "value": {
            "_seconds": 1700098003,
            "_nanoseconds": 0
          }
        },
        "isRead": true,
        "__collections__": {}
      },
      "hBoiqxRHGcjw3jx00MRl": {
        "githubId": 111165249,
        "isRead": false,
        "id": "58eaa352e200f8821e7070e0a24aedb7e38b628f",
        "keyword": [],
        "timestamp": {
          "__datatype__": "timestamp",
          "value": {
            "_seconds": 1700114410,
            "_nanoseconds": 0
          }
        },
        "__collections__": {}
      },
      "lW78qRFmAj6XIfrDCMTI": {
        "githubId": 111165249,
        "isRead": false,
        "id": "d86d14b353ea91635060abbb737f01736dca1602",
        "keyword": [
          "develop"
        ],
        "timestamp": {
          "__datatype__": "timestamp",
          "value": {
            "_seconds": 1700160415,
            "_nanoseconds": 0
          }
        },
        "__collections__": {}
      },
      "m4dgfi6QiJzVCfUWth7j": {
        "githubId": 111165249,
        "isRead": false,
        "id": "53ca7dd543659dd8d13f9f6b747b736caeb5cbb4",
        "keyword": [
          "company"
        ],
        "timestamp": {
          "__datatype__": "timestamp",
          "value": {
            "_seconds": 1700055050,
            "_nanoseconds": 0
          }
        },
        "__collections__": {}
      },
      "ok8ycXyOiSJ6MltFkMhC": {
        "githubId": 83230053,
        "id": "cb55125d292e49eb23d4725294601361a70045d9",
        "keyword": [
          "하이"
        ],
        "timestamp": {
          "__datatype__": "timestamp",
          "value": {
            "_seconds": 1700115629,
            "_nanoseconds": 0
          }
        },
        "isRead": true,
        "__collections__": {}
      },
      "pqf6Ag2OmFY7T0YxnMN4": {
        "githubId": 150590425,
        "isRead": false,
        "id": "5045b1fbc64aac9012fa49a470ed208207dc2565",
        "keyword": [
          "document"
        ],
        "timestamp": {
          "__datatype__": "timestamp",
          "value": {
            "_seconds": 1700171618,
            "_nanoseconds": 0
          }
        },
        "__collections__": {}
      },
      "pxwVly6GLzLmkokLR406": {
        "githubId": 111165249,
        "isRead": false,
        "id": "c23acc76fd45becbedbc6df665fcebda40edb6f5",
        "keyword": [],
        "timestamp": {
          "__datatype__": "timestamp",
          "value": {
            "_seconds": 1700115052,
            "_nanoseconds": 0
          }
        },
        "__collections__": {}
      },
      "qaEfy5zQcp6jwODMmSfa": {
        "githubId": 111165249,
        "isRead": false,
        "id": "d646c8186ba089d2b06398d40688a4ae1c7e6400",
        "keyword": [],
        "timestamp": {
          "__datatype__": "timestamp",
          "value": {
            "_seconds": 1700115095,
            "_nanoseconds": 0
          }
        },
        "__collections__": {}
      },
      "s36zok1KqsQG77rp97jj": {
        "githubId": 111165249,
        "isRead": false,
        "id": "e133367285d4779dddef65c1f94edc9a70d8c816",
        "keyword": [],
        "timestamp": {
          "__datatype__": "timestamp",
          "value": {
            "_seconds": 1700054817,
            "_nanoseconds": 0
          }
        },
        "__collections__": {}
      },
      "tnCNZRV5L8iZDCXNQnOG": {
        "githubId": 111165249,
        "id": "e9401eb7a7dff00b87d747f1bf32aefa2f4c7d10",
        "keyword": [],
        "timestamp": {
          "__datatype__": "timestamp",
          "value": {
            "_seconds": 1700055338,
            "_nanoseconds": 0
          }
        },
        "isRead": true,
        "__collections__": {}
      },
      "uy8toItq4eZetQxkbdlw": {
        "githubId": 111165249,
        "isRead": false,
        "id": "d74f5de04b189ba42453036b9660e008f4ec6db1",
        "keyword": [
          "company"
        ],
        "timestamp": {
          "__datatype__": "timestamp",
          "value": {
            "_seconds": 1700053642,
            "_nanoseconds": 0
          }
        },
        "__collections__": {}
      },
      "wlVpwzGS2oUtMsgraat1": {
        "githubId": 111165249,
        "id": "75430f0725a545e61da5a5f3955d5e51855e68c3",
        "keyword": [
          "company"
        ],
        "timestamp": {
          "__datatype__": "timestamp",
          "value": {
            "_seconds": 1700055419,
            "_nanoseconds": 0
          }
        },
        "isRead": true,
        "__collections__": {}
      },
      "yjdpgfwRKmnPn0kBs2Hm": {
        "githubId": 111165249,
        "isRead": false,
        "id": "72c71a58ae1f0a20709b13d7e5938710a9c9dd42",
        "keyword": [],
        "timestamp": {
          "__datatype__": "timestamp",
          "value": {
            "_seconds": 1700054851,
            "_nanoseconds": 0
          }
        },
        "__collections__": {}
      },
      "ztTcB56dZZfWYGNqR8Yn": {
        "githubId": 150590425,
        "isRead": false,
        "id": "588bd7b22aed516b0cb50817db45fed9f2f7642d",
        "keyword": [],
        "timestamp": {
          "__datatype__": "timestamp",
          "value": {
            "_seconds": 1700166800,
            "_nanoseconds": 0
          }
        },
        "__collections__": {}
      }
    },
    "webhookData": {
      "1601979813": {
        "author": {
          "profileDto": null,
          "statusMsg": null,
          "githubId": 111165249,
          "nickname": "gayun0303",
          "lastGroundId": 53,
          "id": 10,
          "personalAccessToken": "6YMmcrQDGeG",
          "email": "gayun0303@gmail.com"
        },
        "id": "1601979813",
        "message": "Create develop.md",
        "branch": "develop->main",
        "url": "https://api.github.com/repos/gayun0303/webhook-test/pulls/3",
        "groundId": 53,
        "timestamp": {
          "__datatype__": "timestamp",
          "value": {
            "_seconds": 1700030523,
            "_nanoseconds": 0
          }
        },
        "type": "pull_request",
        "__collections__": {}
      },
      "1602461994": {
        "author": {
          "profileDto": null,
          "statusMsg": null,
          "githubId": 111165249,
          "nickname": "gayun0303",
          "lastGroundId": 57,
          "id": 10,
          "personalAccessToken": "6YMmcrQDGeG",
          "email": "gayun0303@gmail.com"
        },
        "id": "1602461994",
        "message": "company 구현",
        "type": "pull_request",
        "branch": "company->main",
        "url": "https://api.github.com/repos/gayun0303/webhook-test-2/pulls/1",
        "groundId": 57,
        "timestamp": {
          "__datatype__": "timestamp",
          "value": {
            "_seconds": 1700051389,
            "_nanoseconds": 0
          }
        },
        "__collections__": {}
      },
      "1602557879": {
        "author": {
          "profileDto": null,
          "statusMsg": null,
          "githubId": 111165249,
          "nickname": "gayun0303",
          "lastGroundId": 57,
          "id": 10,
          "personalAccessToken": "6YMmcrQDGeG",
          "email": "gayun0303@gmail.com"
        },
        "id": "1602557879",
        "message": "apply 기능 구현",
        "type": "pull_request",
        "branch": "apply->main",
        "url": "https://api.github.com/repos/gayun0303/webhook-test-2/pulls/2",
        "groundId": 57,
        "timestamp": {
          "__datatype__": "timestamp",
          "value": {
            "_seconds": 1700055387,
            "_nanoseconds": 0
          }
        },
        "__collections__": {}
      },
      "1602558495": {
        "author": {
          "profileDto": null,
          "statusMsg": null,
          "githubId": 111165249,
          "nickname": "gayun0303",
          "lastGroundId": 57,
          "id": 10,
          "personalAccessToken": "6YMmcrQDGeG",
          "email": "gayun0303@gmail.com"
        },
        "id": "1602558495",
        "message": "company 등록 기능 구현",
        "type": "pull_request",
        "branch": "company->main",
        "url": "https://api.github.com/repos/gayun0303/webhook-test-2/pulls/3",
        "groundId": 57,
        "timestamp": {
          "__datatype__": "timestamp",
          "value": {
            "_seconds": 1700055412,
            "_nanoseconds": 0
          }
        },
        "__collections__": {}
      },
      "1603742213": {
        "author": {
          "profileDto": null,
          "statusMsg": null,
          "githubId": 111165249,
          "nickname": "gayun0303",
          "lastGroundId": 57,
          "id": 10,
          "personalAccessToken": "6YMmcrQDGeG",
          "email": "gayun0303@gmail.com"
        },
        "id": "1603742213",
        "message": "Update ApplyServiceImpl.java",
        "type": "pull_request",
        "branch": "gayun0303-patch-1->main",
        "url": "https://github.com/gayun0303/webhook-test-2/pull/4",
        "groundId": 57,
        "timestamp": {
          "__datatype__": "timestamp",
          "value": {
            "_seconds": 1700114376,
            "_nanoseconds": 0
          }
        },
        "__collections__": {}
      },
      "1603758987": {
        "author": {
          "profileDto": null,
          "statusMsg": null,
          "githubId": 111165249,
          "nickname": "gayun0303",
          "lastGroundId": 57,
          "id": 10,
          "personalAccessToken": "6YMmcrQDGeG",
          "email": "gayun0303@gmail.com"
        },
        "id": "1603758987",
        "message": "Update apply_test.txt",
        "type": "pull_request",
        "branch": "gayun0303-patch-2->main",
        "url": "https://github.com/gayun0303/webhook-test-2/pull/5",
        "groundId": 57,
        "timestamp": {
          "__datatype__": "timestamp",
          "value": {
            "_seconds": 1700115420,
            "_nanoseconds": 0
          }
        },
        "__collections__": {}
      },
      "1604999201": {
        "author": {
          "profileDto": null,
          "statusMsg": null,
          "githubId": 111165249,
          "nickname": "gayun0303",
          "lastGroundId": 53,
          "id": 10,
          "personalAccessToken": "6YMmcrQDGeG",
          "email": "gayun0303@gmail.com"
        },
        "id": "1604999201",
        "message": "Update README.md",
        "type": "pull_request",
        "branch": "develop->main",
        "url": "https://github.com/gayun0303/webhook-test/pull/4",
        "groundId": 53,
        "timestamp": {
          "__datatype__": "timestamp",
          "value": {
            "_seconds": 1700160376,
            "_nanoseconds": 0
          }
        },
        "__collections__": {}
      },
      "1605223363": {
        "author": {
          "profileDto": null,
          "statusMsg": null,
          "githubId": 111165249,
          "nickname": "gayun0303",
          "lastGroundId": 69,
          "id": 10,
          "personalAccessToken": "6YMmcrQDGeG",
          "email": "gayun0303@gmail.com"
        },
        "id": "1605223363",
        "message": "request document 생성 시 알림 전송 1. 웹훅 수신",
        "type": "pull_request",
        "branch": "alert->main",
        "url": "https://github.com/back5front1/dddev/pull/1",
        "groundId": 69,
        "timestamp": {
          "__datatype__": "timestamp",
          "value": {
            "_seconds": 1700168000,
            "_nanoseconds": 0
          }
        },
        "__collections__": {}
      },
      "08816fc96c6f0a6516334444887e6e596c0192bf": {
        "author": {
          "profileDto": null,
          "statusMsg": null,
          "githubId": null,
          "nickname": "gayun0303",
          "lastGroundId": null,
          "id": null,
          "personalAccessToken": null,
          "email": "111165249+gayun0303@users.noreply.github.com"
        },
        "id": "08816fc96c6f0a6516334444887e6e596c0192bf",
        "message": "Merge pull request #2 from gayun0303/apply\n\napply 기능 구현",
        "type": "push",
        "branch": "refs/heads/main",
        "url": "https://github.com/gayun0303/webhook-test-2/commit/08816fc96c6f0a6516334444887e6e596c0192bf",
        "groundId": 57,
        "timestamp": {
          "__datatype__": "timestamp",
          "value": {
            "_seconds": 1700055394,
            "_nanoseconds": 0
          }
        },
        "__collections__": {}
      },
      "0a367dee1085c1155deeb495d7651f7e608a2e02": {
        "author": {
          "profileDto": null,
          "statusMsg": null,
          "githubId": null,
          "nickname": "최가연",
          "lastGroundId": null,
          "id": null,
          "personalAccessToken": null,
          "email": "cn01803@naver.com"
        },
        "id": "0a367dee1085c1155deeb495d7651f7e608a2e02",
        "message": "feat: 새 회사 등록 서비스 메소드 구현",
        "type": "push",
        "branch": "refs/heads/main",
        "url": "https://github.com/gayun0303/webhook-test-2/commit/0a367dee1085c1155deeb495d7651f7e608a2e02",
        "groundId": 57,
        "timestamp": {
          "__datatype__": "timestamp",
          "value": {
            "_seconds": 1700054975,
            "_nanoseconds": 0
          }
        },
        "__collections__": {}
      },
      "0fbd8c3b16ba328786bf9dedfd0e09cdc56acb41": {
        "author": {
          "profileDto": null,
          "statusMsg": null,
          "githubId": null,
          "nickname": "gayun0303",
          "lastGroundId": null,
          "id": null,
          "personalAccessToken": null,
          "email": "111165249+gayun0303@users.noreply.github.com"
        },
        "id": "0fbd8c3b16ba328786bf9dedfd0e09cdc56acb41",
        "message": "Merge pull request #1 from gayun0303/company\n\ncompany 구현",
        "type": "push",
        "branch": "refs/heads/main",
        "url": "https://github.com/gayun0303/webhook-test-2/commit/0fbd8c3b16ba328786bf9dedfd0e09cdc56acb41",
        "groundId": 57,
        "timestamp": {
          "__datatype__": "timestamp",
          "value": {
            "_seconds": 1700051406,
            "_nanoseconds": 0
          }
        },
        "__collections__": {}
      },
      "10c1151745b3056f4140bc18b77f5636c4bd7bca": {
        "author": {
          "profileDto": null,
          "statusMsg": null,
          "githubId": 111165249,
          "nickname": "gayun0303",
          "lastGroundId": 53,
          "id": 10,
          "personalAccessToken": "6YMmcrQDGeG",
          "email": "gayun0303@gmail.com"
        },
        "id": "10c1151745b3056f4140bc18b77f5636c4bd7bca",
        "message": "Update README.md",
        "type": "push",
        "branch": "refs/heads/develop",
        "url": "https://github.com/gayun0303/webhook-test/commit/10c1151745b3056f4140bc18b77f5636c4bd7bca",
        "groundId": 53,
        "timestamp": {
          "__datatype__": "timestamp",
          "value": {
            "_seconds": 1700032434,
            "_nanoseconds": 0
          }
        },
        "__collections__": {}
      },
      "127b3dc93675d679c09f7e03c9ff53ba3d77950a": {
        "author": {
          "profileDto": null,
          "statusMsg": null,
          "githubId": null,
          "nickname": "gayun0303",
          "lastGroundId": null,
          "id": null,
          "personalAccessToken": null,
          "email": "111165249+gayun0303@users.noreply.github.com"
        },
        "id": "127b3dc93675d679c09f7e03c9ff53ba3d77950a",
        "message": "Update ApplyServiceImpl.java",
        "type": "push",
        "branch": "refs/heads/main",
        "url": "https://github.com/gayun0303/webhook-test-2/commit/127b3dc93675d679c09f7e03c9ff53ba3d77950a",
        "groundId": 57,
        "timestamp": {
          "__datatype__": "timestamp",
          "value": {
            "_seconds": 1700113240,
            "_nanoseconds": 0
          }
        },
        "__collections__": {}
      },
      "13744fbacb03836f0051b3ea0523fb7c5f89e974": {
        "author": {
          "profileDto": null,
          "statusMsg": null,
          "githubId": null,
          "nickname": "gayun0303",
          "lastGroundId": null,
          "id": null,
          "personalAccessToken": null,
          "email": "111165249+gayun0303@users.noreply.github.com"
        },
        "id": "13744fbacb03836f0051b3ea0523fb7c5f89e974",
        "message": "Update README.md",
        "type": "push",
        "branch": "refs/heads/main",
        "url": "https://github.com/gayun0303/webhook-test-2/commit/13744fbacb03836f0051b3ea0523fb7c5f89e974",
        "groundId": 57,
        "timestamp": {
          "__datatype__": "timestamp",
          "value": {
            "_seconds": 1700097574,
            "_nanoseconds": 0
          }
        },
        "__collections__": {}
      },
      "1442712b95553ae1f513004cebffbf1a0c144231": {
        "author": {
          "profileDto": null,
          "statusMsg": null,
          "githubId": null,
          "nickname": "최가연",
          "lastGroundId": null,
          "id": null,
          "personalAccessToken": null,
          "email": "cn01803@naver.com"
        },
        "id": "1442712b95553ae1f513004cebffbf1a0c144231",
        "message": "add: CompanyRepository 추가",
        "type": "push",
        "branch": "refs/heads/main",
        "url": "https://github.com/gayun0303/webhook-test-2/commit/1442712b95553ae1f513004cebffbf1a0c144231",
        "groundId": 57,
        "timestamp": {
          "__datatype__": "timestamp",
          "value": {
            "_seconds": 1700050940,
            "_nanoseconds": 0
          }
        },
        "__collections__": {}
      },
      "1b83fd413671f759745133dac83aa360cc4aab9b": {
        "author": {
          "profileDto": null,
          "statusMsg": null,
          "githubId": 150590425,
          "nickname": "back5front1",
          "lastGroundId": 69,
          "id": 17,
          "personalAccessToken": "VZgwViL6mC1",
          "email": "ssafydddev@gmail.com"
        },
        "id": "1b83fd413671f759745133dac83aa360cc4aab9b",
        "message": "delete: 중복 프로젝트 파일 삭제",
        "type": "push",
        "branch": "refs/heads/alert",
        "url": "https://github.com/back5front1/dddev/commit/1b83fd413671f759745133dac83aa360cc4aab9b",
        "groundId": 69,
        "timestamp": {
          "__datatype__": "timestamp",
          "value": {
            "_seconds": 1700166853,
            "_nanoseconds": 0
          }
        },
        "__collections__": {}
      },
      "27c9fbcf336b2a104b6387a8e6a98e3cb0b2d629": {
        "author": {
          "profileDto": null,
          "statusMsg": null,
          "githubId": 150590425,
          "nickname": "back5front1",
          "lastGroundId": 69,
          "id": 17,
          "personalAccessToken": "VZgwViL6mC1",
          "email": "ssafydddev@gmail.com"
        },
        "id": "27c9fbcf336b2a104b6387a8e6a98e3cb0b2d629",
        "message": "feat: 문서 생성 컨트롤러 구현",
        "type": "push",
        "branch": "refs/heads/main",
        "url": "https://github.com/back5front1/dddev/commit/27c9fbcf336b2a104b6387a8e6a98e3cb0b2d629",
        "groundId": 69,
        "timestamp": {
          "__datatype__": "timestamp",
          "value": {
            "_seconds": 1700168754,
            "_nanoseconds": 0
          }
        },
        "__collections__": {}
      },
      "28e69e1c4b01d6372c9bf5c21cbb704dca012e76": {
        "author": {
          "profileDto": null,
          "statusMsg": null,
          "githubId": null,
          "nickname": "gayun0303",
          "lastGroundId": null,
          "id": null,
          "personalAccessToken": null,
          "email": "111165249+gayun0303@users.noreply.github.com"
        },
        "id": "28e69e1c4b01d6372c9bf5c21cbb704dca012e76",
        "message": "평화로운 커밋",
        "type": "push",
        "branch": "refs/heads/main",
        "url": "https://github.com/gayun0303/webhook-test-2/commit/28e69e1c4b01d6372c9bf5c21cbb704dca012e76",
        "groundId": 57,
        "timestamp": {
          "__datatype__": "timestamp",
          "value": {
            "_seconds": 1700098003,
            "_nanoseconds": 0
          }
        },
        "__collections__": {}
      },
      "33d8ac2b1f83b70dfc9fb54af96d3be407c4b7af": {
        "author": {
          "profileDto": null,
          "statusMsg": null,
          "githubId": 150590425,
          "nickname": "back5front1",
          "lastGroundId": 69,
          "id": 17,
          "personalAccessToken": "VZgwViL6mC1",
          "email": "ssafydddev@gmail.com"
        },
        "id": "33d8ac2b1f83b70dfc9fb54af96d3be407c4b7af",
        "message": "init: dddev 스프링 프로젝트 초기화",
        "type": "push",
        "branch": "refs/heads/main",
        "url": "https://github.com/back5front1/dddev/commit/33d8ac2b1f83b70dfc9fb54af96d3be407c4b7af",
        "groundId": 69,
        "timestamp": {
          "__datatype__": "timestamp",
          "value": {
            "_seconds": 1700164918,
            "_nanoseconds": 0
          }
        },
        "__collections__": {}
      },
      "37ef95b6a44b72f17c3f2afd95119e6201efa2c6": {
        "author": {
          "profileDto": null,
          "statusMsg": null,
          "githubId": 150590425,
          "nickname": "back5front1",
          "lastGroundId": 69,
          "id": 17,
          "personalAccessToken": "VZgwViL6mC1",
          "email": "ssafydddev@gmail.com"
        },
        "id": "37ef95b6a44b72f17c3f2afd95119e6201efa2c6",
        "message": "setting: 백엔드 포트 8000 설정",
        "type": "push",
        "branch": "refs/heads/document",
        "url": "https://github.com/back5front1/dddev/commit/37ef95b6a44b72f17c3f2afd95119e6201efa2c6",
        "groundId": 69,
        "timestamp": {
          "__datatype__": "timestamp",
          "value": {
            "_seconds": 1700167449,
            "_nanoseconds": 0
          }
        },
        "__collections__": {}
      },
      "40a0cc8b8fdb6354a0da877d8a3e9bcf346d5934": {
        "author": {
          "profileDto": null,
          "statusMsg": null,
          "githubId": 150590425,
          "nickname": "back5front1",
          "lastGroundId": 69,
          "id": 17,
          "personalAccessToken": "VZgwViL6mC1",
          "email": "ssafydddev@gmail.com"
        },
        "id": "40a0cc8b8fdb6354a0da877d8a3e9bcf346d5934",
        "message": "Update README.md",
        "type": "push",
        "branch": "refs/heads/main",
        "url": "https://github.com/back5front1/dddev/commit/40a0cc8b8fdb6354a0da877d8a3e9bcf346d5934",
        "groundId": 69,
        "timestamp": {
          "__datatype__": "timestamp",
          "value": {
            "_seconds": 1700162419,
            "_nanoseconds": 0
          }
        },
        "__collections__": {}
      },
      "4235f6160cc5caddcefe33cc2a547b3ed9148b72": {
        "author": {
          "profileDto": null,
          "statusMsg": null,
          "githubId": 111165249,
          "nickname": "gayun0303",
          "lastGroundId": 69,
          "id": 10,
          "personalAccessToken": "6YMmcrQDGeG",
          "email": "gayun0303@gmail.com"
        },
        "id": "4235f6160cc5caddcefe33cc2a547b3ed9148b72",
        "message": "refactor: push, pull request 웹훅 수신 컨트롤러 분리",
        "type": "push",
        "branch": "refs/heads/document",
        "url": "https://github.com/back5front1/dddev/commit/4235f6160cc5caddcefe33cc2a547b3ed9148b72",
        "groundId": 69,
        "timestamp": {
          "__datatype__": "timestamp",
          "value": {
            "_seconds": 1700167346,
            "_nanoseconds": 0
          }
        },
        "__collections__": {}
      },
      "468c29b40cc940dfc74a277c2e631f49a0a3f44e": {
        "author": {
          "profileDto": null,
          "statusMsg": null,
          "githubId": null,
          "nickname": null,
          "lastGroundId": null,
          "id": null,
          "personalAccessToken": null,
          "email": null
        },
        "id": "468c29b40cc940dfc74a277c2e631f49a0a3f44e",
        "message": "init: build.gradle setting",
        "type": "push",
        "branch": "refs/heads/main",
        "url": "https://github.com/gayun0303/webhook-test-2/commit/468c29b40cc940dfc74a277c2e631f49a0a3f44e",
        "groundId": 57,
        "timestamp": {
          "__datatype__": "timestamp",
          "value": {
            "_seconds": 1700048459,
            "_nanoseconds": 0
          }
        },
        "__collections__": {}
      },
      "4a4181601ba95157c7ec022ea99fa32c2b653518": {
        "author": {
          "profileDto": null,
          "statusMsg": null,
          "githubId": null,
          "nickname": "최가연",
          "lastGroundId": null,
          "id": null,
          "personalAccessToken": null,
          "email": "cn01803@naver.com"
        },
        "id": "4a4181601ba95157c7ec022ea99fa32c2b653518",
        "message": "add: CompanyEntity 생성",
        "type": "push",
        "branch": "refs/heads/main",
        "url": "https://github.com/gayun0303/webhook-test-2/commit/4a4181601ba95157c7ec022ea99fa32c2b653518",
        "groundId": 57,
        "timestamp": {
          "__datatype__": "timestamp",
          "value": {
            "_seconds": 1700050653,
            "_nanoseconds": 0
          }
        },
        "__collections__": {}
      },
      "5045b1fbc64aac9012fa49a470ed208207dc2565": {
        "author": {
          "profileDto": null,
          "statusMsg": null,
          "githubId": 150590425,
          "nickname": "back5front1",
          "lastGroundId": 69,
          "id": 17,
          "personalAccessToken": "VZgwViL6mC1",
          "email": "ssafydddev@gmail.com"
        },
        "id": "5045b1fbc64aac9012fa49a470ed208207dc2565",
        "message": "update: README.md 수정",
        "type": "push",
        "branch": "refs/heads/main",
        "url": "https://github.com/back5front1/dddev/commit/5045b1fbc64aac9012fa49a470ed208207dc2565",
        "groundId": 69,
        "timestamp": {
          "__datatype__": "timestamp",
          "value": {
            "_seconds": 1700171618,
            "_nanoseconds": 0
          }
        },
        "__collections__": {}
      },
      "53ca7dd543659dd8d13f9f6b747b736caeb5cbb4": {
        "author": {
          "profileDto": null,
          "statusMsg": null,
          "githubId": null,
          "nickname": "최가연",
          "lastGroundId": null,
          "id": null,
          "personalAccessToken": null,
          "email": "cn01803@naver.com"
        },
        "id": "53ca7dd543659dd8d13f9f6b747b736caeb5cbb4",
        "message": "add: 회사 등록시 요청 dto 생성",
        "type": "push",
        "branch": "refs/heads/main",
        "url": "https://github.com/gayun0303/webhook-test-2/commit/53ca7dd543659dd8d13f9f6b747b736caeb5cbb4",
        "groundId": 57,
        "timestamp": {
          "__datatype__": "timestamp",
          "value": {
            "_seconds": 1700055050,
            "_nanoseconds": 0
          }
        },
        "__collections__": {}
      },
      "5640801c6908c796295f8d18380e7ecab937a2e7": {
        "author": {
          "profileDto": null,
          "statusMsg": null,
          "githubId": 111165249,
          "nickname": "gayun0303",
          "lastGroundId": 57,
          "id": 10,
          "personalAccessToken": "6YMmcrQDGeG",
          "email": "gayun0303@gmail.com"
        },
        "id": "5640801c6908c796295f8d18380e7ecab937a2e7",
        "message": "Update README.md",
        "type": "push",
        "branch": "refs/heads/main",
        "url": "https://github.com/gayun0303/webhook-test-2/commit/5640801c6908c796295f8d18380e7ecab937a2e7",
        "groundId": 57,
        "timestamp": {
          "__datatype__": "timestamp",
          "value": {
            "_seconds": 1700048016,
            "_nanoseconds": 0
          }
        },
        "__collections__": {}
      },
      "588bd7b22aed516b0cb50817db45fed9f2f7642d": {
        "author": {
          "profileDto": null,
          "statusMsg": null,
          "githubId": 150590425,
          "nickname": "back5front1",
          "lastGroundId": 69,
          "id": 17,
          "personalAccessToken": "VZgwViL6mC1",
          "email": "ssafydddev@gmail.com"
        },
        "id": "588bd7b22aed516b0cb50817db45fed9f2f7642d",
        "message": "fix: build.gradle 파일 경로 수정",
        "type": "push",
        "branch": "refs/heads/alert",
        "url": "https://github.com/back5front1/dddev/commit/588bd7b22aed516b0cb50817db45fed9f2f7642d",
        "groundId": 69,
        "timestamp": {
          "__datatype__": "timestamp",
          "value": {
            "_seconds": 1700166800,
            "_nanoseconds": 0
          }
        },
        "__collections__": {}
      },
      "58953497e25ca1ada95fcefad745a4c4f88db38d": {
        "author": {
          "profileDto": null,
          "statusMsg": null,
          "githubId": null,
          "nickname": "최가연",
          "lastGroundId": null,
          "id": null,
          "personalAccessToken": null,
          "email": "cn01803@naver.com"
        },
        "id": "58953497e25ca1ada95fcefad745a4c4f88db38d",
        "message": "feat: company 추가 컨트롤러 구현",
        "type": "push",
        "branch": "refs/heads/main",
        "url": "https://github.com/gayun0303/webhook-test-2/commit/58953497e25ca1ada95fcefad745a4c4f88db38d",
        "groundId": 57,
        "timestamp": {
          "__datatype__": "timestamp",
          "value": {
            "_seconds": 1700051117,
            "_nanoseconds": 0
          }
        },
        "__collections__": {}
      },
      "58eaa352e200f8821e7070e0a24aedb7e38b628f": {
        "author": {
          "profileDto": null,
          "statusMsg": null,
          "githubId": null,
          "nickname": "gayun0303",
          "lastGroundId": null,
          "id": null,
          "personalAccessToken": null,
          "email": "111165249+gayun0303@users.noreply.github.com"
        },
        "id": "58eaa352e200f8821e7070e0a24aedb7e38b628f",
        "message": "Merge pull request #4 from gayun0303/gayun0303-patch-1\n\nUpdate ApplyServiceImpl.java",
        "type": "push",
        "branch": "refs/heads/main",
        "url": "https://github.com/gayun0303/webhook-test-2/commit/58eaa352e200f8821e7070e0a24aedb7e38b628f",
        "groundId": 57,
        "timestamp": {
          "__datatype__": "timestamp",
          "value": {
            "_seconds": 1700114410,
            "_nanoseconds": 0
          }
        },
        "__collections__": {}
      },
      "59077206077d58f9c2a971ab86c05f9685e42ba5": {
        "author": {
          "profileDto": null,
          "statusMsg": null,
          "githubId": null,
          "nickname": "gayun0303",
          "lastGroundId": null,
          "id": null,
          "personalAccessToken": null,
          "email": "111165249+gayun0303@users.noreply.github.com"
        },
        "id": "59077206077d58f9c2a971ab86c05f9685e42ba5",
        "message": "Create apply_test.txt",
        "type": "push",
        "branch": "refs/heads/main",
        "url": "https://github.com/gayun0303/webhook-test-2/commit/59077206077d58f9c2a971ab86c05f9685e42ba5",
        "groundId": 57,
        "timestamp": {
          "__datatype__": "timestamp",
          "value": {
            "_seconds": 1700096153,
            "_nanoseconds": 0
          }
        },
        "__collections__": {}
      },
      "72c71a58ae1f0a20709b13d7e5938710a9c9dd42": {
        "author": {
          "profileDto": null,
          "statusMsg": null,
          "githubId": null,
          "nickname": "최가연",
          "lastGroundId": null,
          "id": null,
          "personalAccessToken": null,
          "email": "cn01803@naver.com"
        },
        "id": "72c71a58ae1f0a20709b13d7e5938710a9c9dd42",
        "message": "add: apply repository 추가",
        "type": "push",
        "branch": "refs/heads/main",
        "url": "https://github.com/gayun0303/webhook-test-2/commit/72c71a58ae1f0a20709b13d7e5938710a9c9dd42",
        "groundId": 57,
        "timestamp": {
          "__datatype__": "timestamp",
          "value": {
            "_seconds": 1700054851,
            "_nanoseconds": 0
          }
        },
        "__collections__": {}
      },
      "75430f0725a545e61da5a5f3955d5e51855e68c3": {
        "author": {
          "profileDto": null,
          "statusMsg": null,
          "githubId": null,
          "nickname": "gayun0303",
          "lastGroundId": null,
          "id": null,
          "personalAccessToken": null,
          "email": "111165249+gayun0303@users.noreply.github.com"
        },
        "id": "75430f0725a545e61da5a5f3955d5e51855e68c3",
        "message": "Merge pull request #3 from gayun0303/company\n\ncompany 등록 기능 구현",
        "type": "push",
        "branch": "refs/heads/main",
        "url": "https://github.com/gayun0303/webhook-test-2/commit/75430f0725a545e61da5a5f3955d5e51855e68c3",
        "groundId": 57,
        "timestamp": {
          "__datatype__": "timestamp",
          "value": {
            "_seconds": 1700055419,
            "_nanoseconds": 0
          }
        },
        "__collections__": {}
      },
      "79bbecd104bcbd3559025b65bdce4833f7b2e20b": {
        "author": {
          "profileDto": null,
          "statusMsg": null,
          "githubId": null,
          "nickname": null,
          "lastGroundId": null,
          "id": null,
          "personalAccessToken": null,
          "email": null
        },
        "id": "79bbecd104bcbd3559025b65bdce4833f7b2e20b",
        "message": "init: spring project",
        "type": "push",
        "branch": "refs/heads/main",
        "url": "https://github.com/gayun0303/webhook-test-2/commit/79bbecd104bcbd3559025b65bdce4833f7b2e20b",
        "groundId": 57,
        "timestamp": {
          "__datatype__": "timestamp",
          "value": {
            "_seconds": 1700048320,
            "_nanoseconds": 0
          }
        },
        "__collections__": {}
      },
      "7c6c3bb7a11ceb6ddceb04569f93adbed3f277df": {
        "author": {
          "profileDto": null,
          "statusMsg": null,
          "githubId": 111165249,
          "nickname": "gayun0303",
          "lastGroundId": 69,
          "id": 10,
          "personalAccessToken": "6YMmcrQDGeG",
          "email": "gayun0303@gmail.com"
        },
        "id": "7c6c3bb7a11ceb6ddceb04569f93adbed3f277df",
        "message": "feat: 커밋 웹훅 수신 컨트롤러 구현",
        "type": "push",
        "branch": "refs/heads/document",
        "url": "https://github.com/back5front1/dddev/commit/7c6c3bb7a11ceb6ddceb04569f93adbed3f277df",
        "groundId": 69,
        "timestamp": {
          "__datatype__": "timestamp",
          "value": {
            "_seconds": 1700167034,
            "_nanoseconds": 0
          }
        },
        "__collections__": {}
      },
      "7f04ebc32c765cd7599ae9ec782d9005bc223753": {
        "author": {
          "profileDto": null,
          "statusMsg": null,
          "githubId": 111165249,
          "nickname": "gayun0303",
          "lastGroundId": 53,
          "id": 10,
          "personalAccessToken": "6YMmcrQDGeG",
          "email": "gayun0303@gmail.com"
        },
        "id": "7f04ebc32c765cd7599ae9ec782d9005bc223753",
        "message": "Update README.md",
        "type": "push",
        "branch": "refs/heads/develop",
        "url": "https://github.com/gayun0303/webhook-test/commit/7f04ebc32c765cd7599ae9ec782d9005bc223753",
        "groundId": 53,
        "timestamp": {
          "__datatype__": "timestamp",
          "value": {
            "_seconds": 1700159139,
            "_nanoseconds": 0
          }
        },
        "__collections__": {}
      },
      "967f15a3357a0e7102bfd58d0a580bc28d8b34ff": {
        "author": {
          "profileDto": null,
          "statusMsg": null,
          "githubId": 111165249,
          "nickname": "gayun0303",
          "lastGroundId": 53,
          "id": 10,
          "personalAccessToken": "6YMmcrQDGeG",
          "email": "gayun0303@gmail.com"
        },
        "id": "967f15a3357a0e7102bfd58d0a580bc28d8b34ff",
        "message": "Merge pull request #3 from gayun0303/develop\n\nCreate develop.md",
        "type": "push",
        "branch": "refs/heads/develop",
        "url": "https://github.com/gayun0303/webhook-test/commit/967f15a3357a0e7102bfd58d0a580bc28d8b34ff",
        "groundId": 53,
        "timestamp": {
          "__datatype__": "timestamp",
          "value": {
            "_seconds": 1700030531,
            "_nanoseconds": 0
          }
        },
        "__collections__": {}
      },
      "a5488e8e2da88afa92f2faae272f7620784d30ed": {
        "author": {
          "profileDto": null,
          "statusMsg": null,
          "githubId": 150590425,
          "nickname": "back5front1",
          "lastGroundId": 69,
          "id": 17,
          "personalAccessToken": "VZgwViL6mC1",
          "email": "ssafydddev@gmail.com"
        },
        "id": "a5488e8e2da88afa92f2faae272f7620784d30ed",
        "message": "add: gradle 기본 dependencies 추가",
        "type": "push",
        "branch": "refs/heads/main",
        "url": "https://github.com/back5front1/dddev/commit/a5488e8e2da88afa92f2faae272f7620784d30ed",
        "groundId": 69,
        "timestamp": {
          "__datatype__": "timestamp",
          "value": {
            "_seconds": 1700165433,
            "_nanoseconds": 0
          }
        },
        "__collections__": {}
      },
      "ae460d2d4dde8a6cc3e541bfe3e06b6f78687b08": {
        "author": {
          "profileDto": null,
          "statusMsg": null,
          "githubId": 111165249,
          "nickname": "gayun0303",
          "lastGroundId": 69,
          "id": 10,
          "personalAccessToken": "6YMmcrQDGeG",
          "email": "gayun0303@gmail.com"
        },
        "id": "ae460d2d4dde8a6cc3e541bfe3e06b6f78687b08",
        "message": "Update README.md",
        "type": "push",
        "branch": "refs/heads/document",
        "url": "https://github.com/back5front1/dddev/commit/ae460d2d4dde8a6cc3e541bfe3e06b6f78687b08",
        "groundId": 69,
        "timestamp": {
          "__datatype__": "timestamp",
          "value": {
            "_seconds": 1700168289,
            "_nanoseconds": 0
          }
        },
        "__collections__": {}
      },
      "ba1a9f5920bea27177cee1298abf4fc967518fd7": {
        "author": {
          "profileDto": null,
          "statusMsg": null,
          "githubId": 111165249,
          "nickname": "gayun0303",
          "lastGroundId": 69,
          "id": 10,
          "personalAccessToken": "6YMmcrQDGeG",
          "email": "gayun0303@gmail.com"
        },
        "id": "ba1a9f5920bea27177cee1298abf4fc967518fd7",
        "message": "Merge pull request #1 from back5front1/alert\n\nrequest document 생성 시 알림 전송 1. 웹훅 수신",
        "type": "push",
        "branch": "refs/heads/document",
        "url": "https://github.com/back5front1/dddev/commit/ba1a9f5920bea27177cee1298abf4fc967518fd7",
        "groundId": 69,
        "timestamp": {
          "__datatype__": "timestamp",
          "value": {
            "_seconds": 1700168191,
            "_nanoseconds": 0
          }
        },
        "__collections__": {}
      },
      "c23acc76fd45becbedbc6df665fcebda40edb6f5": {
        "author": {
          "profileDto": null,
          "statusMsg": null,
          "githubId": null,
          "nickname": "gayun0303",
          "lastGroundId": null,
          "id": null,
          "personalAccessToken": null,
          "email": "111165249+gayun0303@users.noreply.github.com"
        },
        "id": "c23acc76fd45becbedbc6df665fcebda40edb6f5",
        "message": "Update apply_test.txt",
        "type": "push",
        "branch": "refs/heads/main",
        "url": "https://github.com/gayun0303/webhook-test-2/commit/c23acc76fd45becbedbc6df665fcebda40edb6f5",
        "groundId": 57,
        "timestamp": {
          "__datatype__": "timestamp",
          "value": {
            "_seconds": 1700115052,
            "_nanoseconds": 0
          }
        },
        "__collections__": {}
      },
      "cb55125d292e49eb23d4725294601361a70045d9": {
        "author": {
          "profileDto": null,
          "statusMsg": null,
          "githubId": null,
          "nickname": "gayun0303",
          "lastGroundId": null,
          "id": null,
          "personalAccessToken": null,
          "email": "111165249+gayun0303@users.noreply.github.com"
        },
        "id": "cb55125d292e49eb23d4725294601361a70045d9",
        "message": "하이 난 풀 리퀘스트야\n\nUpdate apply_test.txt",
        "type": "push",
        "branch": "refs/heads/main",
        "url": "https://github.com/gayun0303/webhook-test-2/commit/cb55125d292e49eb23d4725294601361a70045d9",
        "groundId": 57,
        "timestamp": {
          "__datatype__": "timestamp",
          "value": {
            "_seconds": 1700115629,
            "_nanoseconds": 0
          }
        },
        "__collections__": {}
      },
      "d646c8186ba089d2b06398d40688a4ae1c7e6400": {
        "author": {
          "profileDto": null,
          "statusMsg": null,
          "githubId": null,
          "nickname": "gayun0303",
          "lastGroundId": null,
          "id": null,
          "personalAccessToken": null,
          "email": "111165249+gayun0303@users.noreply.github.com"
        },
        "id": "d646c8186ba089d2b06398d40688a4ae1c7e6400",
        "message": "Update apply_test.txt",
        "type": "push",
        "branch": "refs/heads/main",
        "url": "https://github.com/gayun0303/webhook-test-2/commit/d646c8186ba089d2b06398d40688a4ae1c7e6400",
        "groundId": 57,
        "timestamp": {
          "__datatype__": "timestamp",
          "value": {
            "_seconds": 1700115095,
            "_nanoseconds": 0
          }
        },
        "__collections__": {}
      },
      "d74f5de04b189ba42453036b9660e008f4ec6db1": {
        "author": {
          "profileDto": null,
          "statusMsg": null,
          "githubId": null,
          "nickname": "최가연",
          "lastGroundId": null,
          "id": null,
          "personalAccessToken": null,
          "email": "cn01803@naver.com"
        },
        "id": "d74f5de04b189ba42453036b9660e008f4ec6db1",
        "message": "add: company service interface",
        "type": "push",
        "branch": "refs/heads/main",
        "url": "https://github.com/gayun0303/webhook-test-2/commit/d74f5de04b189ba42453036b9660e008f4ec6db1",
        "groundId": 57,
        "timestamp": {
          "__datatype__": "timestamp",
          "value": {
            "_seconds": 1700053642,
            "_nanoseconds": 0
          }
        },
        "__collections__": {}
      },
      "d86d14b353ea91635060abbb737f01736dca1602": {
        "author": {
          "profileDto": null,
          "statusMsg": null,
          "githubId": 111165249,
          "nickname": "gayun0303",
          "lastGroundId": 53,
          "id": 10,
          "personalAccessToken": "6YMmcrQDGeG",
          "email": "gayun0303@gmail.com"
        },
        "id": "d86d14b353ea91635060abbb737f01736dca1602",
        "message": "Merge branch 'main' into develop",
        "type": "push",
        "branch": "refs/heads/develop",
        "url": "https://github.com/gayun0303/webhook-test/commit/d86d14b353ea91635060abbb737f01736dca1602",
        "groundId": 53,
        "timestamp": {
          "__datatype__": "timestamp",
          "value": {
            "_seconds": 1700160415,
            "_nanoseconds": 0
          }
        },
        "__collections__": {}
      },
      "e133367285d4779dddef65c1f94edc9a70d8c816": {
        "author": {
          "profileDto": null,
          "statusMsg": null,
          "githubId": null,
          "nickname": "최가연",
          "lastGroundId": null,
          "id": null,
          "personalAccessToken": null,
          "email": "cn01803@naver.com"
        },
        "id": "e133367285d4779dddef65c1f94edc9a70d8c816",
        "message": "add: ApplyEntity 추가",
        "type": "push",
        "branch": "refs/heads/main",
        "url": "https://github.com/gayun0303/webhook-test-2/commit/e133367285d4779dddef65c1f94edc9a70d8c816",
        "groundId": 57,
        "timestamp": {
          "__datatype__": "timestamp",
          "value": {
            "_seconds": 1700054817,
            "_nanoseconds": 0
          }
        },
        "__collections__": {}
      },
      "e9401eb7a7dff00b87d747f1bf32aefa2f4c7d10": {
        "author": {
          "profileDto": null,
          "statusMsg": null,
          "githubId": null,
          "nickname": "최가연",
          "lastGroundId": null,
          "id": null,
          "personalAccessToken": null,
          "email": "cn01803@naver.com"
        },
        "id": "e9401eb7a7dff00b87d747f1bf32aefa2f4c7d10",
        "message": "feat: 지원 기능 구현",
        "type": "push",
        "branch": "refs/heads/main",
        "url": "https://github.com/gayun0303/webhook-test-2/commit/e9401eb7a7dff00b87d747f1bf32aefa2f4c7d10",
        "groundId": 57,
        "timestamp": {
          "__datatype__": "timestamp",
          "value": {
            "_seconds": 1700055338,
            "_nanoseconds": 0
          }
        },
        "__collections__": {}
      }
    }
  }
}